<?xml version="1.0" encoding="utf-8"?>
<odoo>
    <data noupdate="0">
        
        <!-- Sequence for Employee Code: NV0001, NV0002, ... -->
        <record id="seq_nhan_su" model="ir.sequence">
            <field name="name">Mã nhân viên</field>
            <field name="code">nhan.su</field>
            <field name="prefix">NV</field>
            <field name="padding">4</field>
            <field name="number_increment">1</field>
            <field name="number_next">1</field>
            <field name="implementation">standard</field>
        </record>
        
    </data>
</odoo>
