id,name,model_id:id,group_id:id,perm_read,perm_write,perm_create,perm_unlink
access_cong_viec_employee,cong.viec.employee,model_cong_viec,quan_ly_nhan_su.group_nhan_su_employee,1,1,0,0
access_cong_viec_manager,cong.viec.manager,model_cong_viec,quan_ly_nhan_su.group_nhan_su_manager,1,1,1,0
access_cong_viec_officer,cong.viec.officer,model_cong_viec,quan_ly_nhan_su.group_nhan_su_officer,1,1,1,0
access_cong_viec_admin,cong.viec.admin,model_cong_viec,quan_ly_nhan_su.group_nhan_su_admin,1,1,1,1
access_cong_viec_tag_all,cong.viec.tag.all,model_cong_viec_tag,base.group_user,1,1,1,1
