<?xml version="1.0" encoding="utf-8"?>
<odoo>
    <data noupdate="0">
        
        <!-- Sequence for Customer Code: KH-YYYY-XXXX -->
        <record id="seq_khach_hang" model="ir.sequence">
            <field name="name">Mã khách hàng</field>
            <field name="code">khach.hang</field>
            <field name="prefix">KH-%(year)s-</field>
            <field name="padding">4</field>
            <field name="number_increment">1</field>
            <field name="number_next">1</field>
            <field name="implementation">standard</field>
        </record>
        
    </data>
</odoo>
